timestamp_ms,current_mA,voltage_mV,temperature_C,temperature_valid,wheel_speed_valid,wheel_speed_kmph,wheel_rpm,wheel_spoke_count,ax_x100,ay_x100,az_x100,amag_x100,gps_location_valid,gps_lat,gps_long,gps_alt_m,gps_speed_kmph,gps_hdop,gps_sats,gps_time_valid,gps_time_utc,gps_centisecond
29307,-748,24289,15.62,1,1,26.90,280.9,1401,106,-977,105,988,0,0.0000000,0.0000000,0.00,0.00,99.99,0,1,19:07:49,00
29721,-754,24289,15.61,1,1,24.58,256.7,1424,106,-978,109,990,0,0.0000000,0.0000000,0.00,0.00,99.99,0,1,19:07:49,00
30176,-755,24289,15.59,1,1,24.00,250.6,1445,106,-977,106,988,0,0.0000000,0.0000000,0.00,0.00,99.99,0,1,19:07:50,00
30590,-754,24289,15.57,1,1,25.25,263.7,1469,106,-978,107,989,0,0.0000000,0.0000000,0.00,0.00,99.99,0,1,19:07:50,00
31045,-749,24289,15.65,1,1,22.08,230.6,1488,104,-978,111,989,0,0.0000000,0.0000000,0.00,0.00,99.99,0,1,19:07:51,00
31485,-748,24289,15.60,1,1,24.87,259.7,1512,105,-978,108,990,0,0.0000000,0.0000000,0.00,0.00,99.99,0,1,19:07:51,00
31924,-713,24289,15.77,1,1,23.27,243.1,1533,102,-976,127,989,0,0.0000000,0.0000000,0.00,0.00,99.99,0,1,19:07:52,00
32385,-737,24289,15.74,1,1,21.76,227.3,1553,107,-978,110,989,0,0.0000000,0.0000000,0.00,0.00,99.99,0,1,19:07:52,00
32799,-715,24289,15.69,1,1,22.60,236.1,1575,109,-979,107,990,0,0.0000000,0.0000000,0.00,0.00,99.99,0,1,19:07:52,00
